Timestamp,Energy Price ($/kWh),Renewable Availability (%),Workload Energy Consumption (kWh),Emission Factor (kg CO2/kWh),Renewable Emission Factor (kg CO2/kWh)
2024-01-01 00:00:00,0.0992,8.96,918.56,0.5,0.02
2024-01-01 01:00:00,0.0987,8.24,1030.61,0.5,0.02
2024-01-01 02:00:00,0.1025,8.14,872.01,0.5,0.02
2024-01-01 03:00:00,0.1046,8.99,854.95,0.5,0.02
2024-01-01 04:00:00,0.1027,8.95,929.28,0.5,0.02
2024-01-01 05:00:00,0.0954,8.84,908.04,0.5,0.02
2024-01-01 06:00:00,0.1516,16.56,964.21,0.5,0.02
2024-01-01 07:00:00,0.1469,40.36,978.47,0.5,0.02
2024-01-01 08:00:00,0.1543,53.12,1195.57,0.5,0.02
2024-01-01 09:00:00,0.1425,74.43,1184.46,0.5,0.02
2024-01-01 10:00:00,0.1442,82.86,1045.42,0.5,0.02
2024-01-01 11:00:00,0.1528,95.84,1105.14,0.5,0.02
2024-01-01 12:00:00,0.2004,94.29,1196.35,0.5,0.02
2024-01-01 13:00:00,0.2085,95.18,1252.0,0.5,0.02
2024-01-01 14:00:00,0.1956,83.18,1128.28,0.5,0.02
2024-01-01 15:00:00,0.2074,73.15,1200.36,0.5,0.02
2024-01-01 16:00:00,0.1969,52.4,987.49,0.5,0.02
2024-01-01 17:00:00,0.1993,35.98,1152.45,0.5,0.02
2024-01-01 18:00:00,0.1729,8.36,830.36,0.5,0.02
2024-01-01 19:00:00,0.1731,8.57,854.02,0.5,0.02
2024-01-01 20:00:00,0.1884,9.7,855.62,0.5,0.02
2024-01-01 21:00:00,0.1776,8.68,928.84,0.5,0.02
2024-01-01 22:00:00,0.0951,9.65,938.73,0.5,0.02
2024-01-01 23:00:00,0.1014,8.79,840.5,0.5,0.02
2024-01-02 00:00:00,0.0987,8.31,865.84,0.5,0.02
2024-01-02 01:00:00,0.1048,8.87,862.21,0.5,0.02
2024-01-02 02:00:00,0.0952,9.01,893.92,0.5,0.02
2024-01-02 03:00:00,0.0968,9.58,775.63,0.5,0.02
2024-01-02 04:00:00,0.096,9.68,947.58,0.5,0.02
2024-01-02 05:00:00,0.0954,8.17,842.79,0.5,0.02
2024-01-02 06:00:00,0.1475,18.05,922.83,0.5,0.02
2024-01-02 07:00:00,0.1492,35.29,908.09,0.5,0.02
2024-01-02 08:00:00,0.147,53.84,1207.66,0.5,0.02
2024-01-02 09:00:00,0.1477,67.77,1113.69,0.5,0.02
2024-01-02 10:00:00,0.1472,72.7,1158.45,0.5,0.02
2024-01-02 11:00:00,0.1436,96.03,1088.9,0.5,0.02
2024-01-02 12:00:00,0.2032,87.61,1148.56,0.5,0.02
2024-01-02 13:00:00,0.1982,84.5,1174.2,0.5,0.02
2024-01-02 14:00:00,0.1969,77.59,1037.54,0.5,0.02
2024-01-02 15:00:00,0.1919,69.42,1162.84,0.5,0.02
2024-01-02 16:00:00,0.2044,51.59,1209.58,0.5,0.02
2024-01-02 17:00:00,0.2025,40.34,1042.04,0.5,0.02
2024-01-02 18:00:00,0.1831,9.36,833.29,0.5,0.02
2024-01-02 19:00:00,0.1784,8.29,765.76,0.5,0.02
2024-01-02 20:00:00,0.1837,9.37,981.55,0.5,0.02
2024-01-02 21:00:00,0.1727,8.63,920.72,0.5,0.02
2024-01-02 22:00:00,0.0964,9.01,836.97,0.5,0.02
2024-01-02 23:00:00,0.1011,9.24,807.2,0.5,0.02
2024-01-03 00:00:00,0.1,8.54,1022.13,0.5,0.02
2024-01-03 01:00:00,0.1007,8.28,912.61,0.5,0.02
2024-01-03 02:00:00,0.0968,9.25,947.1,0.5,0.02
2024-01-03 03:00:00,0.098,9.52,1030.51,0.5,0.02
2024-01-03 04:00:00,0.1012,9.63,823.27,0.5,0.02
2024-01-03 05:00:00,0.1022,8.89,888.79,0.5,0.02
2024-01-03 06:00:00,0.145,19.85,973.51,0.5,0.02
2024-01-03 07:00:00,0.1475,33.98,886.56,0.5,0.02
2024-01-03 08:00:00,0.1451,54.21,1031.0,0.5,0.02
2024-01-03 09:00:00,0.1472,62.49,1095.66,0.5,0.02
2024-01-03 10:00:00,0.1442,81.23,1167.28,0.5,0.02
2024-01-03 11:00:00,0.1553,81.24,1084.02,0.5,0.02
2024-01-03 12:00:00,0.197,93.07,1068.82,0.5,0.02
2024-01-03 13:00:00,0.2093,90.16,1073.63,0.5,0.02
2024-01-03 14:00:00,0.1988,74.98,1104.35,0.5,0.02
2024-01-03 15:00:00,0.1979,72.67,1167.12,0.5,0.02
2024-01-03 16:00:00,0.1917,56.99,1102.81,0.5,0.02
2024-01-03 17:00:00,0.1924,35.31,1058.64,0.5,0.02
2024-01-03 18:00:00,0.1785,9.73,938.53,0.5,0.02
2024-01-03 19:00:00,0.1864,8.9,896.82,0.5,0.02
2024-01-03 20:00:00,0.1846,8.32,916.72,0.5,0.02
2024-01-03 21:00:00,0.1888,8.94,1021.26,0.5,0.02
2024-01-03 22:00:00,0.0976,8.18,818.67,0.5,0.02
2024-01-03 23:00:00,0.0987,8.19,971.22,0.5,0.02
2024-01-04 00:00:00,0.0964,9.42,860.56,0.5,0.02
2024-01-04 01:00:00,0.0987,9.84,877.21,0.5,0.02
2024-01-04 02:00:00,0.1047,8.61,858.73,0.5,0.02
2024-01-04 03:00:00,0.1018,8.35,820.26,0.5,0.02
2024-01-04 04:00:00,0.1014,8.49,994.04,0.5,0.02
2024-01-04 05:00:00,0.0956,9.48,837.82,0.5,0.02
2024-01-04 06:00:00,0.1451,19.74,976.73,0.5,0.02
2024-01-04 07:00:00,0.1475,37.07,919.46,0.5,0.02
2024-01-04 08:00:00,0.1446,54.47,1071.87,0.5,0.02
2024-01-04 09:00:00,0.1553,70.81,1065.14,0.5,0.02
2024-01-04 10:00:00,0.143,88.24,1044.36,0.5,0.02
2024-01-04 11:00:00,0.1517,90.86,1075.89,0.5,0.02
2024-01-04 12:00:00,0.1996,94.3,1116.32,0.5,0.02
2024-01-04 13:00:00,0.205,85.64,986.33,0.5,0.02
2024-01-04 14:00:00,0.1943,76.8,1199.83,0.5,0.02
2024-01-04 15:00:00,0.2071,71.4,1181.85,0.5,0.02
2024-01-04 16:00:00,0.1924,49.45,1215.74,0.5,0.02
2024-01-04 17:00:00,0.2077,33.79,1059.32,0.5,0.02
2024-01-04 18:00:00,0.1784,8.29,870.0,0.5,0.02
2024-01-04 19:00:00,0.178,8.56,828.39,0.5,0.02
2024-01-04 20:00:00,0.1752,9.48,951.98,0.5,0.02
2024-01-04 21:00:00,0.1829,8.25,949.64,0.5,0.02
2024-01-04 22:00:00,0.0961,8.58,799.17,0.5,0.02
2024-01-04 23:00:00,0.1021,9.15,877.38,0.5,0.02
2024-01-05 00:00:00,0.1039,9.16,911.53,0.5,0.02
2024-01-05 01:00:00,0.0966,9.06,835.75,0.5,0.02
2024-01-05 02:00:00,0.0971,9.52,798.34,0.5,0.02
2024-01-05 03:00:00,0.0989,8.34,921.48,0.5,0.02
2024-01-05 04:00:00,0.1017,8.32,950.02,0.5,0.02
2024-01-05 05:00:00,0.0984,8.97,959.88,0.5,0.02
2024-01-05 06:00:00,0.1481,18.31,912.87,0.5,0.02
2024-01-05 07:00:00,0.1525,39.94,919.6,0.5,0.02
2024-01-05 08:00:00,0.1465,57.53,1067.67,0.5,0.02
2024-01-05 09:00:00,0.1551,66.22,1056.35,0.5,0.02
2024-01-05 10:00:00,0.15,76.36,1115.46,0.5,0.02
2024-01-05 11:00:00,0.1429,85.11,1252.37,0.5,0.02
2024-01-05 12:00:00,0.21,84.6,1063.59,0.5,0.02
2024-01-05 13:00:00,0.2095,84.99,1019.21,0.5,0.02
2024-01-05 14:00:00,0.1964,75.65,1104.87,0.5,0.02
2024-01-05 15:00:00,0.1912,70.99,1100.22,0.5,0.02
2024-01-05 16:00:00,0.2076,54.55,1223.01,0.5,0.02
2024-01-05 17:00:00,0.197,33.11,1029.17,0.5,0.02
2024-01-05 18:00:00,0.1729,8.75,920.63,0.5,0.02
2024-01-05 19:00:00,0.1723,8.48,969.2,0.5,0.02
2024-01-05 20:00:00,0.1768,9.78,1022.09,0.5,0.02
2024-01-05 21:00:00,0.1863,8.39,933.94,0.5,0.02
2024-01-05 22:00:00,0.0967,9.79,817.12,0.5,0.02
2024-01-05 23:00:00,0.1027,9.88,993.28,0.5,0.02
2024-01-06 00:00:00,0.0998,8.77,815.06,0.5,0.02
2024-01-06 01:00:00,0.1016,8.62,928.95,0.5,0.02
2024-01-06 02:00:00,0.096,9.63,972.77,0.5,0.02
2024-01-06 03:00:00,0.0965,9.6,862.06,0.5,0.02
2024-01-06 04:00:00,0.0984,9.05,930.45,0.5,0.02
2024-01-06 05:00:00,0.0987,9.3,839.33,0.5,0.02
2024-01-06 06:00:00,0.1543,16.83,815.3,0.5,0.02
2024-01-06 07:00:00,0.1434,39.02,858.02,0.5,0.02
2024-01-06 08:00:00,0.1466,50.76,1063.98,0.5,0.02
2024-01-06 09:00:00,0.1432,66.45,1133.79,0.5,0.02
2024-01-06 10:00:00,0.1541,84.66,1122.58,0.5,0.02
2024-01-06 11:00:00,0.1524,79.8,1136.42,0.5,0.02
2024-01-06 12:00:00,0.2076,88.87,1142.88,0.5,0.02
2024-01-06 13:00:00,0.1903,81.41,1122.71,0.5,0.02
2024-01-06 14:00:00,0.2025,84.79,1144.11,0.5,0.02
2024-01-06 15:00:00,0.1967,72.72,1130.46,0.5,0.02
2024-01-06 16:00:00,0.2069,54.88,1039.13,0.5,0.02
2024-01-06 17:00:00,0.2084,33.5,984.06,0.5,0.02
2024-01-06 18:00:00,0.1879,9.87,909.85,0.5,0.02
2024-01-06 19:00:00,0.1735,9.67,891.38,0.5,0.02
2024-01-06 20:00:00,0.1834,9.94,933.34,0.5,0.02
2024-01-06 21:00:00,0.1835,8.9,883.42,0.5,0.02
2024-01-06 22:00:00,0.1016,9.3,927.33,0.5,0.02
2024-01-06 23:00:00,0.0974,8.88,969.01,0.5,0.02
2024-01-07 00:00:00,0.1043,9.6,956.2,0.5,0.02
2024-01-07 01:00:00,0.0963,9.88,979.46,0.5,0.02
2024-01-07 02:00:00,0.0976,8.27,929.59,0.5,0.02
2024-01-07 03:00:00,0.0994,9.47,804.9,0.5,0.02
2024-01-07 04:00:00,0.0955,9.38,770.13,0.5,0.02
2024-01-07 05:00:00,0.1023,9.42,806.11,0.5,0.02
2024-01-07 06:00:00,0.1438,19.04,803.5,0.5,0.02
2024-01-07 07:00:00,0.151,38.76,996.98,0.5,0.02
2024-01-07 08:00:00,0.1447,54.72,1091.38,0.5,0.02
2024-01-07 09:00:00,0.1494,66.1,1087.46,0.5,0.02
2024-01-07 10:00:00,0.151,75.4,1196.59,0.5,0.02
2024-01-07 11:00:00,0.151,92.74,1170.6,0.5,0.02
2024-01-07 12:00:00,0.197,86.65,1188.33,0.5,0.02
2024-01-07 13:00:00,0.2039,90.72,1053.07,0.5,0.02
2024-01-07 14:00:00,0.2054,83.09,1105.1,0.5,0.02
2024-01-07 15:00:00,0.1983,62.76,1031.92,0.5,0.02
2024-01-07 16:00:00,0.203,56.14,1066.42,0.5,0.02
2024-01-07 17:00:00,0.2092,33.42,1152.2,0.5,0.02
2024-01-07 18:00:00,0.1749,8.49,1007.65,0.5,0.02
2024-01-07 19:00:00,0.1889,9.77,888.36,0.5,0.02
2024-01-07 20:00:00,0.1842,9.01,908.44,0.5,0.02
2024-01-07 21:00:00,0.1767,8.16,837.22,0.5,0.02
2024-01-07 22:00:00,0.0958,8.89,905.14,0.5,0.02
2024-01-07 23:00:00,0.1001,8.88,961.6,0.5,0.02
2024-01-08 00:00:00,0.0962,9.83,809.9,0.5,0.02
2024-01-08 01:00:00,0.1025,8.47,889.31,0.5,0.02
2024-01-08 02:00:00,0.0973,9.73,865.05,0.5,0.02
2024-01-08 03:00:00,0.1047,9.17,945.53,0.5,0.02
2024-01-08 04:00:00,0.1035,9.25,797.99,0.5,0.02
2024-01-08 05:00:00,0.0982,9.11,858.52,0.5,0.02
2024-01-08 06:00:00,0.1549,18.17,835.22,0.5,0.02
2024-01-08 07:00:00,0.1438,33.78,895.77,0.5,0.02
2024-01-08 08:00:00,0.1511,55.72,1170.58,0.5,0.02
2024-01-08 09:00:00,0.1568,67.42,1003.02,0.5,0.02
2024-01-08 10:00:00,0.156,73.45,1112.34,0.5,0.02
2024-01-08 11:00:00,0.1562,91.02,1149.89,0.5,0.02
2024-01-08 12:00:00,0.2032,87.69,1081.46,0.5,0.02
2024-01-08 13:00:00,0.1926,81.95,1013.31,0.5,0.02
2024-01-08 14:00:00,0.1942,86.02,1073.73,0.5,0.02
2024-01-08 15:00:00,0.1958,72.46,1007.58,0.5,0.02
2024-01-08 16:00:00,0.195,50.75,1087.15,0.5,0.02
2024-01-08 17:00:00,0.1921,34.36,1063.41,0.5,0.02
2024-01-08 18:00:00,0.1768,9.41,859.01,0.5,0.02
2024-01-08 19:00:00,0.1803,8.72,926.89,0.5,0.02
2024-01-08 20:00:00,0.1889,8.75,945.47,0.5,0.02
2024-01-08 21:00:00,0.1765,9.65,1002.16,0.5,0.02
2024-01-08 22:00:00,0.0967,9.43,867.23,0.5,0.02
2024-01-08 23:00:00,0.1013,9.72,949.38,0.5,0.02
2024-01-09 00:00:00,0.1028,8.17,829.78,0.5,0.02
2024-01-09 01:00:00,0.1027,9.68,990.9,0.5,0.02
2024-01-09 02:00:00,0.098,8.34,919.09,0.5,0.02
2024-01-09 03:00:00,0.105,8.71,870.69,0.5,0.02
2024-01-09 04:00:00,0.1046,9.72,957.89,0.5,0.02
2024-01-09 05:00:00,0.1032,9.28,862.83,0.5,0.02
2024-01-09 06:00:00,0.1561,17.88,857.39,0.5,0.02
2024-01-09 07:00:00,0.1569,34.85,965.63,0.5,0.02
2024-01-09 08:00:00,0.1552,57.48,1068.11,0.5,0.02
2024-01-09 09:00:00,0.1449,74.59,1195.97,0.5,0.02
2024-01-09 10:00:00,0.1456,75.93,1049.65,0.5,0.02
2024-01-09 11:00:00,0.1439,86.27,1039.96,0.5,0.02
2024-01-09 12:00:00,0.1945,88.84,1166.55,0.5,0.02
2024-01-09 13:00:00,0.1959,88.49,1033.11,0.5,0.02
2024-01-09 14:00:00,0.2024,77.98,1057.91,0.5,0.02
2024-01-09 15:00:00,0.2061,70.04,1136.29,0.5,0.02
2024-01-09 16:00:00,0.1947,59.04,1123.35,0.5,0.02
2024-01-09 17:00:00,0.195,40.35,1033.48,0.5,0.02
2024-01-09 18:00:00,0.176,8.49,1021.3,0.5,0.02
2024-01-09 19:00:00,0.1751,8.84,829.7,0.5,0.02
2024-01-09 20:00:00,0.18,9.46,939.3,0.5,0.02
2024-01-09 21:00:00,0.1724,8.29,891.49,0.5,0.02
2024-01-09 22:00:00,0.0979,8.39,958.53,0.5,0.02
2024-01-09 23:00:00,0.1028,9.14,795.15,0.5,0.02
2024-01-10 00:00:00,0.0975,8.41,861.93,0.5,0.02
2024-01-10 01:00:00,0.0987,8.49,812.33,0.5,0.02
2024-01-10 02:00:00,0.0957,8.75,919.67,0.5,0.02
2024-01-10 03:00:00,0.1027,9.03,922.32,0.5,0.02
2024-01-10 04:00:00,0.0994,8.21,870.2,0.5,0.02
2024-01-10 05:00:00,0.1004,8.65,896.01,0.5,0.02
2024-01-10 06:00:00,0.1573,19.77,855.65,0.5,0.02
2024-01-10 07:00:00,0.1439,33.95,936.52,0.5,0.02
2024-01-10 08:00:00,0.143,54.04,1049.66,0.5,0.02
2024-01-10 09:00:00,0.1537,64.42,1129.75,0.5,0.02
2024-01-10 10:00:00,0.1437,87.05,1148.18,0.5,0.02
2024-01-10 11:00:00,0.1428,85.66,962.7,0.5,0.02
2024-01-10 12:00:00,0.1999,99.24,1144.45,0.5,0.02
2024-01-10 13:00:00,0.1952,83.0,1018.78,0.5,0.02
2024-01-10 14:00:00,0.1909,80.65,1209.24,0.5,0.02
2024-01-10 15:00:00,0.2098,70.6,1048.82,0.5,0.02
2024-01-10 16:00:00,0.1955,58.96,1095.1,0.5,0.02
2024-01-10 17:00:00,0.2009,37.82,1012.56,0.5,0.02
2024-01-10 18:00:00,0.1723,9.81,769.55,0.5,0.02
2024-01-10 19:00:00,0.1813,8.69,875.89,0.5,0.02
2024-01-10 20:00:00,0.1864,8.24,917.83,0.5,0.02
2024-01-10 21:00:00,0.1738,8.2,875.73,0.5,0.02
2024-01-10 22:00:00,0.1001,9.14,976.94,0.5,0.02
2024-01-10 23:00:00,0.0998,8.57,957.65,0.5,0.02
2024-01-11 00:00:00,0.0987,9.04,911.72,0.5,0.02
2024-01-11 01:00:00,0.0983,9.09,897.88,0.5,0.02
2024-01-11 02:00:00,0.0971,8.35,999.78,0.5,0.02
2024-01-11 03:00:00,0.1001,9.87,892.47,0.5,0.02
2024-01-11 04:00:00,0.0999,8.96,971.75,0.5,0.02
2024-01-11 05:00:00,0.0985,8.47,911.64,0.5,0.02
2024-01-11 06:00:00,0.15,18.29,864.04,0.5,0.02
2024-01-11 07:00:00,0.1481,35.5,903.69,0.5,0.02
2024-01-11 08:00:00,0.1559,53.93,997.18,0.5,0.02
2024-01-11 09:00:00,0.1482,66.17,1036.56,0.5,0.02
2024-01-11 10:00:00,0.154,83.55,1115.57,0.5,0.02
2024-01-11 11:00:00,0.1474,89.73,1145.06,0.5,0.02
2024-01-11 12:00:00,0.194,90.89,1207.61,0.5,0.02
2024-01-11 13:00:00,0.1967,80.2,1008.17,0.5,0.02
2024-01-11 14:00:00,0.202,84.63,1065.47,0.5,0.02
2024-01-11 15:00:00,0.2054,70.87,1016.55,0.5,0.02
2024-01-11 16:00:00,0.208,50.03,1161.08,0.5,0.02
2024-01-11 17:00:00,0.1966,39.91,1149.38,0.5,0.02
2024-01-11 18:00:00,0.173,8.5,969.3,0.5,0.02
2024-01-11 19:00:00,0.1845,9.26,969.59,0.5,0.02
2024-01-11 20:00:00,0.1767,8.43,771.2,0.5,0.02
2024-01-11 21:00:00,0.1774,8.71,982.16,0.5,0.02
2024-01-11 22:00:00,0.0952,9.15,798.38,0.5,0.02
2024-01-11 23:00:00,0.1029,8.4,971.58,0.5,0.02
2024-01-12 00:00:00,0.1038,9.38,908.4,0.5,0.02
2024-01-12 01:00:00,0.1,9.87,942.18,0.5,0.02
2024-01-12 02:00:00,0.103,9.41,936.3,0.5,0.02
2024-01-12 03:00:00,0.1004,9.48,963.87,0.5,0.02
2024-01-12 04:00:00,0.1033,8.69,926.95,0.5,0.02
2024-01-12 05:00:00,0.0959,8.6,956.89,0.5,0.02
2024-01-12 06:00:00,0.145,17.34,880.04,0.5,0.02
2024-01-12 07:00:00,0.1434,35.92,923.28,0.5,0.02
2024-01-12 08:00:00,0.1545,51.16,1015.86,0.5,0.02
2024-01-12 09:00:00,0.155,73.91,1059.88,0.5,0.02
2024-01-12 10:00:00,0.1473,86.01,1045.04,0.5,0.02
2024-01-12 11:00:00,0.149,96.23,1200.99,0.5,0.02
2024-01-12 12:00:00,0.2043,98.48,1092.83,0.5,0.02
2024-01-12 13:00:00,0.2087,92.2,1114.5,0.5,0.02
2024-01-12 14:00:00,0.1928,75.51,1182.41,0.5,0.02
2024-01-12 15:00:00,0.2026,62.58,1196.75,0.5,0.02
2024-01-12 16:00:00,0.1902,50.96,999.93,0.5,0.02
2024-01-12 17:00:00,0.2011,36.07,1088.29,0.5,0.02
2024-01-12 18:00:00,0.1782,9.27,1029.94,0.5,0.02
2024-01-12 19:00:00,0.1823,9.5,917.33,0.5,0.02
2024-01-12 20:00:00,0.1718,8.35,1008.18,0.5,0.02
2024-01-12 21:00:00,0.1851,9.5,821.24,0.5,0.02
2024-01-12 22:00:00,0.0992,9.42,928.29,0.5,0.02
2024-01-12 23:00:00,0.1045,8.2,968.62,0.5,0.02
2024-01-13 00:00:00,0.1022,8.24,998.43,0.5,0.02
2024-01-13 01:00:00,0.1004,9.56,954.83,0.5,0.02
2024-01-13 02:00:00,0.1037,9.4,871.1,0.5,0.02
2024-01-13 03:00:00,0.0978,8.59,901.84,0.5,0.02
2024-01-13 04:00:00,0.0981,8.2,865.55,0.5,0.02
2024-01-13 05:00:00,0.1036,8.44,847.29,0.5,0.02
2024-01-13 06:00:00,0.1463,18.01,836.69,0.5,0.02
2024-01-13 07:00:00,0.1512,35.08,978.89,0.5,0.02
2024-01-13 08:00:00,0.1508,54.63,1115.51,0.5,0.02
2024-01-13 09:00:00,0.1484,67.06,1094.9,0.5,0.02
2024-01-13 10:00:00,0.1523,79.98,1087.43,0.5,0.02
2024-01-13 11:00:00,0.1446,82.46,1155.12,0.5,0.02
2024-01-13 12:00:00,0.1956,96.67,1125.37,0.5,0.02
2024-01-13 13:00:00,0.1997,96.74,1148.58,0.5,0.02
2024-01-13 14:00:00,0.1994,77.08,1008.45,0.5,0.02
2024-01-13 15:00:00,0.2057,70.89,1024.4,0.5,0.02
2024-01-13 16:00:00,0.1999,52.34,1033.52,0.5,0.02
2024-01-13 17:00:00,0.2096,36.93,1114.7,0.5,0.02
2024-01-13 18:00:00,0.1873,9.61,958.44,0.5,0.02
2024-01-13 19:00:00,0.1789,8.37,890.58,0.5,0.02
2024-01-13 20:00:00,0.1788,9.98,839.56,0.5,0.02
2024-01-13 21:00:00,0.1881,9.84,799.42,0.5,0.02
2024-01-13 22:00:00,0.0961,9.95,957.8,0.5,0.02
2024-01-13 23:00:00,0.1035,9.38,945.16,0.5,0.02
2024-01-14 00:00:00,0.0958,9.05,844.07,0.5,0.02
2024-01-14 01:00:00,0.0997,9.45,782.77,0.5,0.02
2024-01-14 02:00:00,0.0983,9.32,942.08,0.5,0.02
2024-01-14 03:00:00,0.1014,9.91,956.11,0.5,0.02
2024-01-14 04:00:00,0.1019,9.32,929.67,0.5,0.02
2024-01-14 05:00:00,0.0973,8.34,939.69,0.5,0.02
2024-01-14 06:00:00,0.1497,19.14,1031.82,0.5,0.02
2024-01-14 07:00:00,0.1464,36.05,1014.36,0.5,0.02
2024-01-14 08:00:00,0.1554,55.31,1014.07,0.5,0.02
2024-01-14 09:00:00,0.1555,71.28,1122.69,0.5,0.02
2024-01-14 10:00:00,0.1429,84.15,1156.19,0.5,0.02
2024-01-14 11:00:00,0.1444,83.48,1049.2,0.5,0.02
2024-01-14 12:00:00,0.2027,84.35,1141.26,0.5,0.02
2024-01-14 13:00:00,0.2054,94.09,967.02,0.5,0.02
2024-01-14 14:00:00,0.2042,74.04,1152.69,0.5,0.02
2024-01-14 15:00:00,0.192,65.95,1052.65,0.5,0.02
2024-01-14 16:00:00,0.1917,51.31,976.43,0.5,0.02
2024-01-14 17:00:00,0.201,39.68,1067.8,0.5,0.02
2024-01-14 18:00:00,0.1779,9.45,800.71,0.5,0.02
2024-01-14 19:00:00,0.1773,9.73,866.39,0.5,0.02
2024-01-14 20:00:00,0.1876,9.14,794.65,0.5,0.02
2024-01-14 21:00:00,0.1855,9.58,789.14,0.5,0.02
2024-01-14 22:00:00,0.097,8.62,851.93,0.5,0.02
2024-01-14 23:00:00,0.0962,9.46,850.41,0.5,0.02
2024-01-15 00:00:00,0.1025,9.33,926.06,0.5,0.02
2024-01-15 01:00:00,0.0964,9.17,830.5,0.5,0.02
2024-01-15 02:00:00,0.1042,9.99,866.24,0.5,0.02
2024-01-15 03:00:00,0.1027,9.36,873.06,0.5,0.02
2024-01-15 04:00:00,0.105,9.9,811.57,0.5,0.02
2024-01-15 05:00:00,0.101,9.08,887.57,0.5,0.02
2024-01-15 06:00:00,0.148,16.81,1019.68,0.5,0.02
2024-01-15 07:00:00,0.1454,36.4,999.11,0.5,0.02
2024-01-15 08:00:00,0.1503,59.83,1030.47,0.5,0.02
2024-01-15 09:00:00,0.1552,76.49,1077.15,0.5,0.02
2024-01-15 10:00:00,0.1429,83.78,1137.23,0.5,0.02
2024-01-15 11:00:00,0.1555,95.47,1032.56,0.5,0.02
2024-01-15 12:00:00,0.1935,83.65,1178.95,0.5,0.02
2024-01-15 13:00:00,0.1974,86.43,1065.24,0.5,0.02
2024-01-15 14:00:00,0.1957,79.06,1096.26,0.5,0.02
2024-01-15 15:00:00,0.1919,66.93,1069.98,0.5,0.02
2024-01-15 16:00:00,0.2094,49.49,1013.41,0.5,0.02
2024-01-15 17:00:00,0.2046,36.95,1055.81,0.5,0.02
2024-01-15 18:00:00,0.1713,8.21,930.22,0.5,0.02
2024-01-15 19:00:00,0.182,8.72,820.92,0.5,0.02
2024-01-15 20:00:00,0.1775,9.41,932.69,0.5,0.02
2024-01-15 21:00:00,0.1733,9.3,975.86,0.5,0.02
2024-01-15 22:00:00,0.0975,8.7,972.49,0.5,0.02
2024-01-15 23:00:00,0.1043,8.4,941.71,0.5,0.02
2024-01-16 00:00:00,0.0982,8.43,931.15,0.5,0.02
2024-01-16 01:00:00,0.1003,9.68,866.65,0.5,0.02
2024-01-16 02:00:00,0.1026,9.86,854.68,0.5,0.02
2024-01-16 03:00:00,0.1036,9.58,837.58,0.5,0.02
2024-01-16 04:00:00,0.0964,8.62,1013.66,0.5,0.02
2024-01-16 05:00:00,0.1044,9.06,840.0,0.5,0.02
2024-01-16 06:00:00,0.1572,19.09,777.59,0.5,0.02
2024-01-16 07:00:00,0.1547,36.92,848.92,0.5,0.02
2024-01-16 08:00:00,0.1495,51.54,1136.42,0.5,0.02
2024-01-16 09:00:00,0.1426,63.33,1078.21,0.5,0.02
2024-01-16 10:00:00,0.1507,78.05,1117.99,0.5,0.02
2024-01-16 11:00:00,0.1485,89.56,1104.24,0.5,0.02
2024-01-16 12:00:00,0.1947,84.31,1047.47,0.5,0.02
2024-01-16 13:00:00,0.2018,86.88,1047.11,0.5,0.02
2024-01-16 14:00:00,0.1936,84.93,1106.16,0.5,0.02
2024-01-16 15:00:00,0.2084,63.27,1071.56,0.5,0.02
2024-01-16 16:00:00,0.1957,49.6,1215.12,0.5,0.02
2024-01-16 17:00:00,0.1929,34.04,1176.85,0.5,0.02
2024-01-16 18:00:00,0.1746,9.06,836.35,0.5,0.02
2024-01-16 19:00:00,0.174,9.55,899.86,0.5,0.02
2024-01-16 20:00:00,0.1874,8.72,812.25,0.5,0.02
2024-01-16 21:00:00,0.1732,9.09,910.89,0.5,0.02
2024-01-16 22:00:00,0.101,8.39,907.73,0.5,0.02
2024-01-16 23:00:00,0.1005,8.69,973.6,0.5,0.02
2024-01-17 00:00:00,0.0984,8.74,839.03,0.5,0.02
2024-01-17 01:00:00,0.1023,8.71,863.71,0.5,0.02
2024-01-17 02:00:00,0.0978,8.45,934.83,0.5,0.02
2024-01-17 03:00:00,0.0989,8.63,979.61,0.5,0.02
2024-01-17 04:00:00,0.1002,8.45,907.83,0.5,0.02
2024-01-17 05:00:00,0.099,9.82,944.89,0.5,0.02
2024-01-17 06:00:00,0.1575,16.97,925.07,0.5,0.02
2024-01-17 07:00:00,0.1427,34.27,901.6,0.5,0.02
2024-01-17 08:00:00,0.1441,57.0,1067.54,0.5,0.02
2024-01-17 09:00:00,0.1558,73.73,1103.48,0.5,0.02
2024-01-17 10:00:00,0.1464,73.44,1149.98,0.5,0.02
2024-01-17 11:00:00,0.1427,82.01,1067.27,0.5,0.02
2024-01-17 12:00:00,0.2074,94.61,1228.0,0.5,0.02
2024-01-17 13:00:00,0.2017,85.18,991.32,0.5,0.02
2024-01-17 14:00:00,0.2005,82.32,1061.69,0.5,0.02
2024-01-17 15:00:00,0.1904,74.21,1046.15,0.5,0.02
2024-01-17 16:00:00,0.1909,51.21,1163.52,0.5,0.02
2024-01-17 17:00:00,0.2005,36.96,1099.17,0.5,0.02
2024-01-17 18:00:00,0.1728,8.87,846.41,0.5,0.02
2024-01-17 19:00:00,0.1803,9.53,821.26,0.5,0.02
2024-01-17 20:00:00,0.1882,9.14,887.13,0.5,0.02
2024-01-17 21:00:00,0.1727,8.53,911.33,0.5,0.02
2024-01-17 22:00:00,0.1023,9.59,873.55,0.5,0.02
2024-01-17 23:00:00,0.1035,9.39,929.63,0.5,0.02
2024-01-18 00:00:00,0.0967,8.59,984.98,0.5,0.02
2024-01-18 01:00:00,0.1001,9.17,829.44,0.5,0.02
2024-01-18 02:00:00,0.0966,8.93,944.18,0.5,0.02
2024-01-18 03:00:00,0.1005,8.32,943.29,0.5,0.02
2024-01-18 04:00:00,0.1008,9.56,1002.14,0.5,0.02
2024-01-18 05:00:00,0.0987,8.25,911.11,0.5,0.02
2024-01-18 06:00:00,0.1569,16.82,941.16,0.5,0.02
2024-01-18 07:00:00,0.1574,38.9,943.19,0.5,0.02
2024-01-18 08:00:00,0.1455,54.43,1165.35,0.5,0.02
2024-01-18 09:00:00,0.1537,74.26,1141.25,0.5,0.02
2024-01-18 10:00:00,0.1522,73.5,1136.79,0.5,0.02
2024-01-18 11:00:00,0.1522,80.85,1126.54,0.5,0.02
2024-01-18 12:00:00,0.2018,88.19,1071.54,0.5,0.02
2024-01-18 13:00:00,0.1989,84.98,1199.02,0.5,0.02
2024-01-18 14:00:00,0.2054,87.46,1251.27,0.5,0.02
2024-01-18 15:00:00,0.2061,62.97,1067.69,0.5,0.02
2024-01-18 16:00:00,0.2075,53.8,1098.87,0.5,0.02
2024-01-18 17:00:00,0.2073,37.8,1132.91,0.5,0.02
2024-01-18 18:00:00,0.1821,8.64,870.49,0.5,0.02
2024-01-18 19:00:00,0.1886,9.54,879.77,0.5,0.02
2024-01-18 20:00:00,0.1887,8.27,1037.71,0.5,0.02
2024-01-18 21:00:00,0.1848,9.2,946.79,0.5,0.02
2024-01-18 22:00:00,0.0977,9.2,899.5,0.5,0.02
2024-01-18 23:00:00,0.1036,9.15,921.95,0.5,0.02
2024-01-19 00:00:00,0.1005,9.91,839.21,0.5,0.02
2024-01-19 01:00:00,0.0954,8.34,880.86,0.5,0.02
2024-01-19 02:00:00,0.1034,9.27,873.61,0.5,0.02
2024-01-19 03:00:00,0.1037,9.3,897.22,0.5,0.02
2024-01-19 04:00:00,0.0965,8.62,902.01,0.5,0.02
2024-01-19 05:00:00,0.0969,9.06,892.64,0.5,0.02
2024-01-19 06:00:00,0.1435,19.27,802.02,0.5,0.02
2024-01-19 07:00:00,0.1474,38.48,937.37,0.5,0.02
2024-01-19 08:00:00,0.1566,53.76,1076.76,0.5,0.02
2024-01-19 09:00:00,0.1456,64.55,1035.16,0.5,0.02
2024-01-19 10:00:00,0.1515,84.65,1196.3,0.5,0.02
2024-01-19 11:00:00,0.1475,85.05,1171.48,0.5,0.02
2024-01-19 12:00:00,0.2083,85.67,1181.99,0.5,0.02
2024-01-19 13:00:00,0.1936,80.57,1127.74,0.5,0.02
2024-01-19 14:00:00,0.2029,79.52,1026.54,0.5,0.02
2024-01-19 15:00:00,0.2021,66.58,1110.37,0.5,0.02
2024-01-19 16:00:00,0.2008,52.52,1158.69,0.5,0.02
2024-01-19 17:00:00,0.2059,37.89,1094.81,0.5,0.02
2024-01-19 18:00:00,0.1868,8.3,1013.99,0.5,0.02
2024-01-19 19:00:00,0.1861,8.68,979.4,0.5,0.02
2024-01-19 20:00:00,0.1774,9.01,804.56,0.5,0.02
2024-01-19 21:00:00,0.1845,9.44,960.27,0.5,0.02
2024-01-19 22:00:00,0.0979,9.95,836.33,0.5,0.02
2024-01-19 23:00:00,0.097,8.84,865.39,0.5,0.02
2024-01-20 00:00:00,0.0973,8.42,895.82,0.5,0.02
2024-01-20 01:00:00,0.1042,9.65,853.47,0.5,0.02
2024-01-20 02:00:00,0.0997,8.39,832.08,0.5,0.02
2024-01-20 03:00:00,0.097,8.43,894.95,0.5,0.02
2024-01-20 04:00:00,0.1025,9.14,972.72,0.5,0.02
2024-01-20 05:00:00,0.0952,9.42,898.38,0.5,0.02
2024-01-20 06:00:00,0.1491,18.39,991.44,0.5,0.02
2024-01-20 07:00:00,0.15,40.25,965.99,0.5,0.02
2024-01-20 08:00:00,0.1533,57.55,1199.34,0.5,0.02
2024-01-20 09:00:00,0.1458,67.37,1186.45,0.5,0.02
2024-01-20 10:00:00,0.1454,80.31,1070.0,0.5,0.02
2024-01-20 11:00:00,0.1516,94.41,1177.25,0.5,0.02
2024-01-20 12:00:00,0.1934,91.12,1129.67,0.5,0.02
2024-01-20 13:00:00,0.2021,92.59,1112.7,0.5,0.02
2024-01-20 14:00:00,0.2092,85.18,1155.77,0.5,0.02
2024-01-20 15:00:00,0.2086,63.83,1221.01,0.5,0.02
2024-01-20 16:00:00,0.1925,51.08,1071.23,0.5,0.02
2024-01-20 17:00:00,0.2057,39.61,1072.75,0.5,0.02
2024-01-20 18:00:00,0.1772,8.87,968.76,0.5,0.02
2024-01-20 19:00:00,0.1771,8.27,980.92,0.5,0.02
2024-01-20 20:00:00,0.1796,10.0,963.19,0.5,0.02
2024-01-20 21:00:00,0.1845,9.36,846.91,0.5,0.02
2024-01-20 22:00:00,0.0964,9.0,943.67,0.5,0.02
2024-01-20 23:00:00,0.1043,10.02,830.17,0.5,0.02
2024-01-21 00:00:00,0.0967,9.12,1000.17,0.5,0.02
2024-01-21 01:00:00,0.1022,9.82,838.78,0.5,0.02
2024-01-21 02:00:00,0.0962,8.94,873.16,0.5,0.02
2024-01-21 03:00:00,0.102,9.52,903.83,0.5,0.02
2024-01-21 04:00:00,0.1037,8.41,957.95,0.5,0.02
2024-01-21 05:00:00,0.1044,9.76,822.75,0.5,0.02
2024-01-21 06:00:00,0.1492,17.27,963.86,0.5,0.02
2024-01-21 07:00:00,0.1443,40.06,967.98,0.5,0.02
2024-01-21 08:00:00,0.1445,50.23,1047.09,0.5,0.02
2024-01-21 09:00:00,0.1496,63.39,1106.3,0.5,0.02
2024-01-21 10:00:00,0.1488,80.26,1035.56,0.5,0.02
2024-01-21 11:00:00,0.1441,82.88,1040.69,0.5,0.02
2024-01-21 12:00:00,0.1927,91.75,1018.43,0.5,0.02
2024-01-21 13:00:00,0.2027,80.47,1159.7,0.5,0.02
2024-01-21 14:00:00,0.1981,88.87,1085.04,0.5,0.02
2024-01-21 15:00:00,0.1937,67.91,1028.97,0.5,0.02
2024-01-21 16:00:00,0.1904,53.68,1047.78,0.5,0.02
2024-01-21 17:00:00,0.2035,35.5,1019.18,0.5,0.02
2024-01-21 18:00:00,0.1879,8.4,865.46,0.5,0.02
2024-01-21 19:00:00,0.176,9.75,796.05,0.5,0.02
2024-01-21 20:00:00,0.1774,8.74,900.75,0.5,0.02
2024-01-21 21:00:00,0.1778,9.07,946.34,0.5,0.02
2024-01-21 22:00:00,0.0957,9.22,966.27,0.5,0.02
2024-01-21 23:00:00,0.0992,8.34,962.0,0.5,0.02
2024-01-22 00:00:00,0.0993,8.45,807.71,0.5,0.02
2024-01-22 01:00:00,0.1036,8.48,923.91,0.5,0.02
2024-01-22 02:00:00,0.0969,9.86,859.94,0.5,0.02
2024-01-22 03:00:00,0.0968,9.32,955.82,0.5,0.02
2024-01-22 04:00:00,0.0999,9.77,865.38,0.5,0.02
2024-01-22 05:00:00,0.1047,9.54,1014.43,0.5,0.02
2024-01-22 06:00:00,0.1545,17.74,956.16,0.5,0.02
2024-01-22 07:00:00,0.1553,38.0,790.0,0.5,0.02
2024-01-22 08:00:00,0.1498,54.05,1058.03,0.5,0.02
2024-01-22 09:00:00,0.1538,73.07,1073.16,0.5,0.02
2024-01-22 10:00:00,0.1492,76.54,1009.1,0.5,0.02
2024-01-22 11:00:00,0.1429,86.04,1172.21,0.5,0.02
2024-01-22 12:00:00,0.1974,96.51,1115.12,0.5,0.02
2024-01-22 13:00:00,0.2041,96.49,1018.49,0.5,0.02
2024-01-22 14:00:00,0.1967,85.11,1129.21,0.5,0.02
2024-01-22 15:00:00,0.1921,64.37,1008.91,0.5,0.02
2024-01-22 16:00:00,0.1923,55.81,1105.65,0.5,0.02
2024-01-22 17:00:00,0.2081,39.0,1014.4,0.5,0.02
2024-01-22 18:00:00,0.1808,9.71,854.69,0.5,0.02
2024-01-22 19:00:00,0.1741,9.92,953.54,0.5,0.02
2024-01-22 20:00:00,0.1841,8.51,898.43,0.5,0.02
2024-01-22 21:00:00,0.1779,9.08,909.2,0.5,0.02
2024-01-22 22:00:00,0.0983,8.33,911.93,0.5,0.02
2024-01-22 23:00:00,0.1002,8.42,892.82,0.5,0.02
2024-01-23 00:00:00,0.1037,8.32,885.78,0.5,0.02
2024-01-23 01:00:00,0.104,9.89,916.9,0.5,0.02
2024-01-23 02:00:00,0.0989,8.36,975.35,0.5,0.02
2024-01-23 03:00:00,0.0996,8.96,921.51,0.5,0.02
2024-01-23 04:00:00,0.0964,8.92,969.35,0.5,0.02
2024-01-23 05:00:00,0.1008,9.19,929.63,0.5,0.02
2024-01-23 06:00:00,0.1558,17.11,860.1,0.5,0.02
2024-01-23 07:00:00,0.1456,39.87,861.26,0.5,0.02
2024-01-23 08:00:00,0.1455,57.93,990.92,0.5,0.02
2024-01-23 09:00:00,0.1525,64.51,1164.4,0.5,0.02
2024-01-23 10:00:00,0.157,81.28,988.92,0.5,0.02
2024-01-23 11:00:00,0.1497,81.75,975.43,0.5,0.02
2024-01-23 12:00:00,0.1924,94.84,1152.01,0.5,0.02
2024-01-23 13:00:00,0.1938,94.41,1158.05,0.5,0.02
2024-01-23 14:00:00,0.1979,89.3,975.99,0.5,0.02
2024-01-23 15:00:00,0.1984,71.84,1246.81,0.5,0.02
2024-01-23 16:00:00,0.201,60.01,1030.72,0.5,0.02
2024-01-23 17:00:00,0.2088,34.23,997.7,0.5,0.02
2024-01-23 18:00:00,0.179,8.52,920.18,0.5,0.02
2024-01-23 19:00:00,0.1746,8.35,1044.41,0.5,0.02
2024-01-23 20:00:00,0.1772,9.46,966.55,0.5,0.02
2024-01-23 21:00:00,0.1837,8.97,814.01,0.5,0.02
2024-01-23 22:00:00,0.0972,9.39,957.99,0.5,0.02
2024-01-23 23:00:00,0.0975,8.92,894.78,0.5,0.02
2024-01-24 00:00:00,0.1001,8.88,796.98,0.5,0.02
2024-01-24 01:00:00,0.1047,9.05,910.25,0.5,0.02
2024-01-24 02:00:00,0.1031,8.47,1012.97,0.5,0.02
2024-01-24 03:00:00,0.1041,9.76,810.78,0.5,0.02
2024-01-24 04:00:00,0.1018,9.97,922.86,0.5,0.02
2024-01-24 05:00:00,0.1015,9.23,964.2,0.5,0.02
2024-01-24 06:00:00,0.1468,17.14,896.86,0.5,0.02
2024-01-24 07:00:00,0.1503,37.9,873.58,0.5,0.02
2024-01-24 08:00:00,0.1523,57.7,1096.91,0.5,0.02
2024-01-24 09:00:00,0.1535,74.55,1002.11,0.5,0.02
2024-01-24 10:00:00,0.1527,86.34,1215.98,0.5,0.02
2024-01-24 11:00:00,0.1476,94.64,1103.65,0.5,0.02
2024-01-24 12:00:00,0.2018,86.13,1179.52,0.5,0.02
2024-01-24 13:00:00,0.2043,82.9,1219.89,0.5,0.02
2024-01-24 14:00:00,0.1917,81.66,1090.6,0.5,0.02
2024-01-24 15:00:00,0.2054,66.48,984.47,0.5,0.02
2024-01-24 16:00:00,0.2056,60.05,1031.09,0.5,0.02
2024-01-24 17:00:00,0.1987,35.75,1207.54,0.5,0.02
2024-01-24 18:00:00,0.1889,8.91,966.46,0.5,0.02
2024-01-24 19:00:00,0.1843,9.54,961.02,0.5,0.02
2024-01-24 20:00:00,0.1755,9.92,883.06,0.5,0.02
2024-01-24 21:00:00,0.1842,9.21,784.26,0.5,0.02
2024-01-24 22:00:00,0.0961,10.02,814.35,0.5,0.02
2024-01-24 23:00:00,0.1022,8.85,923.96,0.5,0.02
2024-01-25 00:00:00,0.1028,9.75,811.36,0.5,0.02
2024-01-25 01:00:00,0.1045,8.56,890.23,0.5,0.02
2024-01-25 02:00:00,0.0975,9.86,776.19,0.5,0.02
2024-01-25 03:00:00,0.095,8.86,970.65,0.5,0.02
2024-01-25 04:00:00,0.0976,8.36,954.49,0.5,0.02
2024-01-25 05:00:00,0.0971,8.28,874.88,0.5,0.02
2024-01-25 06:00:00,0.1553,17.59,917.78,0.5,0.02
2024-01-25 07:00:00,0.1574,40.98,941.98,0.5,0.02
2024-01-25 08:00:00,0.1548,60.05,1037.7,0.5,0.02
2024-01-25 09:00:00,0.1441,72.05,1034.34,0.5,0.02
2024-01-25 10:00:00,0.1466,77.64,1162.09,0.5,0.02
2024-01-25 11:00:00,0.1525,94.21,1207.72,0.5,0.02
2024-01-25 12:00:00,0.2069,88.11,1152.74,0.5,0.02
2024-01-25 13:00:00,0.2058,92.54,1142.42,0.5,0.02
2024-01-25 14:00:00,0.2035,88.66,1069.01,0.5,0.02
2024-01-25 15:00:00,0.2025,64.88,1151.17,0.5,0.02
2024-01-25 16:00:00,0.1976,57.22,1201.28,0.5,0.02
2024-01-25 17:00:00,0.2094,36.02,1088.08,0.5,0.02
2024-01-25 18:00:00,0.1875,9.59,855.01,0.5,0.02
2024-01-25 19:00:00,0.1863,9.5,826.21,0.5,0.02
2024-01-25 20:00:00,0.1873,9.62,997.7,0.5,0.02
2024-01-25 21:00:00,0.1745,9.56,971.47,0.5,0.02
2024-01-25 22:00:00,0.0968,9.31,835.06,0.5,0.02
2024-01-25 23:00:00,0.1034,9.28,820.24,0.5,0.02
2024-01-26 00:00:00,0.099,8.27,945.97,0.5,0.02
2024-01-26 01:00:00,0.1003,9.5,884.13,0.5,0.02
2024-01-26 02:00:00,0.1033,9.16,869.43,0.5,0.02
2024-01-26 03:00:00,0.1018,9.89,770.9,0.5,0.02
2024-01-26 04:00:00,0.1036,9.29,983.9,0.5,0.02
2024-01-26 05:00:00,0.1009,10.01,837.6,0.5,0.02
2024-01-26 06:00:00,0.1531,18.81,843.91,0.5,0.02
2024-01-26 07:00:00,0.152,40.99,1018.59,0.5,0.02
2024-01-26 08:00:00,0.1472,51.42,969.36,0.5,0.02
2024-01-26 09:00:00,0.1429,70.01,1124.29,0.5,0.02
2024-01-26 10:00:00,0.1448,75.91,997.54,0.5,0.02
2024-01-26 11:00:00,0.146,89.2,1209.18,0.5,0.02
2024-01-26 12:00:00,0.2031,88.17,1134.68,0.5,0.02
2024-01-26 13:00:00,0.2001,90.89,1082.1,0.5,0.02
2024-01-26 14:00:00,0.2002,83.39,1046.2,0.5,0.02
2024-01-26 15:00:00,0.1902,63.44,1161.5,0.5,0.02
2024-01-26 16:00:00,0.1946,53.35,1178.37,0.5,0.02
2024-01-26 17:00:00,0.199,41.11,1040.71,0.5,0.02
2024-01-26 18:00:00,0.1775,9.27,925.59,0.5,0.02
2024-01-26 19:00:00,0.1844,9.06,809.67,0.5,0.02
2024-01-26 20:00:00,0.1887,9.83,1009.33,0.5,0.02
2024-01-26 21:00:00,0.1797,9.49,833.67,0.5,0.02
2024-01-26 22:00:00,0.0951,9.65,953.13,0.5,0.02
2024-01-26 23:00:00,0.1035,9.03,818.57,0.5,0.02
2024-01-27 00:00:00,0.1013,8.5,896.25,0.5,0.02
2024-01-27 01:00:00,0.1039,9.62,787.46,0.5,0.02
2024-01-27 02:00:00,0.104,8.31,863.76,0.5,0.02
2024-01-27 03:00:00,0.1019,10.1,848.02,0.5,0.02
2024-01-27 04:00:00,0.104,9.35,803.94,0.5,0.02
2024-01-27 05:00:00,0.1031,8.61,982.86,0.5,0.02
2024-01-27 06:00:00,0.1516,18.98,915.71,0.5,0.02
2024-01-27 07:00:00,0.152,38.61,848.86,0.5,0.02
2024-01-27 08:00:00,0.1439,53.96,999.63,0.5,0.02
2024-01-27 09:00:00,0.1532,65.14,1101.63,0.5,0.02
2024-01-27 10:00:00,0.153,86.24,1018.92,0.5,0.02
2024-01-27 11:00:00,0.143,80.83,1207.66,0.5,0.02
2024-01-27 12:00:00,0.208,87.42,1187.3,0.5,0.02
2024-01-27 13:00:00,0.1939,88.29,1209.09,0.5,0.02
2024-01-27 14:00:00,0.206,75.2,1056.1,0.5,0.02
2024-01-27 15:00:00,0.1928,68.35,1058.85,0.5,0.02
2024-01-27 16:00:00,0.1992,51.92,1145.3,0.5,0.02
2024-01-27 17:00:00,0.2068,36.94,1010.22,0.5,0.02
2024-01-27 18:00:00,0.1846,10.09,925.59,0.5,0.02
2024-01-27 19:00:00,0.1813,8.34,800.49,0.5,0.02
2024-01-27 20:00:00,0.1714,9.02,843.85,0.5,0.02
2024-01-27 21:00:00,0.1815,9.61,917.26,0.5,0.02
2024-01-27 22:00:00,0.0993,9.62,931.09,0.5,0.02
2024-01-27 23:00:00,0.0967,8.99,810.19,0.5,0.02
2024-01-28 00:00:00,0.1036,9.2,967.05,0.5,0.02
2024-01-28 01:00:00,0.1039,8.3,867.97,0.5,0.02
2024-01-28 02:00:00,0.0963,9.74,898.76,0.5,0.02
2024-01-28 03:00:00,0.0999,8.81,991.19,0.5,0.02
2024-01-28 04:00:00,0.097,8.41,849.09,0.5,0.02
2024-01-28 05:00:00,0.0972,9.22,818.08,0.5,0.02
2024-01-28 06:00:00,0.156,17.56,798.46,0.5,0.02
2024-01-28 07:00:00,0.1476,36.73,930.12,0.5,0.02
2024-01-28 08:00:00,0.1573,56.24,1139.85,0.5,0.02
2024-01-28 09:00:00,0.148,64.84,1155.82,0.5,0.02
2024-01-28 10:00:00,0.1483,76.7,1217.99,0.5,0.02
2024-01-28 11:00:00,0.1526,84.44,1083.1,0.5,0.02
2024-01-28 12:00:00,0.2026,99.45,993.12,0.5,0.02
2024-01-28 13:00:00,0.2073,83.82,1049.37,0.5,0.02
2024-01-28 14:00:00,0.2073,79.53,1173.47,0.5,0.02
2024-01-28 15:00:00,0.1947,69.56,1098.69,0.5,0.02
2024-01-28 16:00:00,0.1964,52.09,1145.04,0.5,0.02
2024-01-28 17:00:00,0.2083,34.92,1086.28,0.5,0.02
2024-01-28 18:00:00,0.1878,9.96,896.34,0.5,0.02
2024-01-28 19:00:00,0.1759,10.09,995.12,0.5,0.02
2024-01-28 20:00:00,0.1779,9.02,979.25,0.5,0.02
2024-01-28 21:00:00,0.1778,9.84,903.58,0.5,0.02
2024-01-28 22:00:00,0.1033,9.81,850.08,0.5,0.02
2024-01-28 23:00:00,0.1044,8.91,831.48,0.5,0.02
2024-01-29 00:00:00,0.0967,9.66,797.51,0.5,0.02
2024-01-29 01:00:00,0.0968,9.24,939.62,0.5,0.02
2024-01-29 02:00:00,0.1025,9.8,951.79,0.5,0.02
2024-01-29 03:00:00,0.1001,8.43,926.32,0.5,0.02
2024-01-29 04:00:00,0.0982,9.54,792.82,0.5,0.02
2024-01-29 05:00:00,0.0995,8.74,1025.78,0.5,0.02
2024-01-29 06:00:00,0.1456,19.19,829.72,0.5,0.02
2024-01-29 07:00:00,0.1439,39.97,905.33,0.5,0.02
2024-01-29 08:00:00,0.1548,60.19,1153.79,0.5,0.02
2024-01-29 09:00:00,0.1449,68.7,1034.94,0.5,0.02
2024-01-29 10:00:00,0.1474,88.77,1110.13,0.5,0.02
2024-01-29 11:00:00,0.1451,97.33,1178.61,0.5,0.02
2024-01-29 12:00:00,0.2013,88.62,1101.34,0.5,0.02
2024-01-29 13:00:00,0.204,98.19,986.97,0.5,0.02
2024-01-29 14:00:00,0.1993,78.83,1044.21,0.5,0.02
2024-01-29 15:00:00,0.1943,73.24,1245.03,0.5,0.02
2024-01-29 16:00:00,0.1918,51.62,1054.81,0.5,0.02
2024-01-29 17:00:00,0.2036,36.47,1038.66,0.5,0.02
2024-01-29 18:00:00,0.1763,8.36,836.5,0.5,0.02
2024-01-29 19:00:00,0.1794,9.49,847.19,0.5,0.02
2024-01-29 20:00:00,0.1796,9.47,960.96,0.5,0.02
2024-01-29 21:00:00,0.1831,9.06,790.54,0.5,0.02
2024-01-29 22:00:00,0.0981,9.6,809.92,0.5,0.02
2024-01-29 23:00:00,0.1032,9.46,861.18,0.5,0.02
2024-01-30 00:00:00,0.1014,9.9,870.36,0.5,0.02
2024-01-30 01:00:00,0.0982,10.13,872.44,0.5,0.02
2024-01-30 02:00:00,0.1011,8.73,981.65,0.5,0.02
2024-01-30 03:00:00,0.1025,9.96,785.3,0.5,0.02
2024-01-30 04:00:00,0.1011,9.34,947.65,0.5,0.02
2024-01-30 05:00:00,0.0961,9.5,908.26,0.5,0.02
2024-01-30 06:00:00,0.1559,18.2,978.15,0.5,0.02
2024-01-30 07:00:00,0.1533,34.99,849.9,0.5,0.02
2024-01-30 08:00:00,0.1556,52.28,1165.16,0.5,0.02
2024-01-30 09:00:00,0.1437,70.26,1109.85,0.5,0.02
2024-01-30 10:00:00,0.1483,80.64,999.03,0.5,0.02
2024-01-30 11:00:00,0.1553,96.23,1058.13,0.5,0.02
2024-01-30 12:00:00,0.1966,88.86,1087.67,0.5,0.02
2024-01-30 13:00:00,0.1927,86.05,1074.84,0.5,0.02
2024-01-30 14:00:00,0.2001,88.77,1060.2,0.5,0.02
2024-01-30 15:00:00,0.203,77.22,1090.07,0.5,0.02
2024-01-30 16:00:00,0.1944,50.42,1023.26,0.5,0.02
2024-01-30 17:00:00,0.2011,34.95,1020.3,0.5,0.02
2024-01-30 18:00:00,0.1886,8.4,914.29,0.5,0.02
2024-01-30 19:00:00,0.1849,9.43,845.05,0.5,0.02
2024-01-30 20:00:00,0.183,9.05,781.0,0.5,0.02
2024-01-30 21:00:00,0.1749,8.59,964.2,0.5,0.02
2024-01-30 22:00:00,0.1003,8.83,783.75,0.5,0.02
2024-01-30 23:00:00,0.0994,10.02,936.99,0.5,0.02
